ligand,interaction_type,receptor_residue
ZINC000000001228,hydrophobic_interaction,LYS5A
ZINC000000001228,hydrophobic_interaction,TRP56A
ZINC000000001228,hydrophobic_interaction,GLN74A
ZINC000000001522,hydrophobic_interaction,ALA3A
ZINC000000001522,hydrophobic_interaction,LYS5A
ZINC000000001522,hydrophobic_interaction,GLN74A
ZINC000000001522,hydrogen_bond,ASN39A
ZINC000000001522,hydrogen_bond,TRP56A
ZINC000000001785,hydrophobic_interaction,LYS5A
ZINC000000001785,hydrophobic_interaction,LYS5A
ZINC000000001785,hydrophobic_interaction,GLN74A
ZINC000000001785,hydrogen_bond,ILE4A
ZINC000000001785,hydrogen_bond,ILE4A
ZINC000000001785,hydrogen_bond,GLY54A
ZINC000000001791,hydrophobic_interaction,ALA3A
ZINC000000001791,hydrophobic_interaction,LYS5A
ZINC000000001791,hydrophobic_interaction,LYS5A
ZINC000000001791,hydrophobic_interaction,GLN74A
ZINC000000001791,salt_bridge,LYS5A
ZINC000000001947,hydrophobic_interaction,ALA3A
ZINC000000001947,hydrophobic_interaction,LYS5A
ZINC000000001947,hydrophobic_interaction,GLN74A
ZINC000000001947,hydrogen_bond,TRP56A
ZINC000000002036,hydrophobic_interaction,LYS5A
ZINC000000002036,hydrophobic_interaction,GLN74A
ZINC000000002036,hydrogen_bond,ALA3A
ZINC000000002036,hydrogen_bond,ALA3A
ZINC000000002106,hydrophobic_interaction,LYS5A
ZINC000000002106,hydrophobic_interaction,LYS5A
ZINC000000002106,hydrophobic_interaction,TRP56A
ZINC000000002106,hydrophobic_interaction,GLN74A
ZINC000000002106,hydrogen_bond,TRP56A
ZINC000000005155,hydrophobic_interaction,LYS5A
ZINC000000005155,hydrophobic_interaction,TRP56A
ZINC000000005155,hydrophobic_interaction,GLN74A
ZINC000000005155,hydrogen_bond,ASN39A
ZINC000000005155,hydrogen_bond,GLY54A
ZINC000000005155,hydrogen_bond,TRP56A
ZINC00000001A116,hydrophobic_interaction,PHE37A
ZINC00000001A116,hydrophobic_interaction,TRP56A
ZINC00000001A116,hydrophobic_interaction,LEU67A
ZINC00000001A116,hydrophobic_interaction,LEU70A
ZINC00000001A116,hydrogen_bond,SER71A
ZINC00000001A116,hydrogen_bond,SER71A
